City_ID,City,Country,Date,Lat,Lng,Max Temp,Humidity,Cloudiness,Wind Speed
0,Hilo,US,2021-03-03 01:06:49,19.7297,-155.09,78.8,53,20,8.05
1,New Norfolk,AU,2021-03-03 01:06:49,-42.7826,147.0587,61.0,58,100,1.99
2,Okmulgee,US,2021-03-03 01:06:49,35.6234,-95.9605,57.2,26,1,3.44
3,Kendari,ID,2021-03-03 01:06:50,-3.945,122.4989,79.45,83,91,2.44
4,Chapais,CA,2021-03-03 01:06:50,49.7834,-74.8492,-7.6,77,20,1.21
5,Bluff,NZ,2021-03-03 01:06:50,-46.6,168.3333,70.0,64,53,10.0
6,Ashland,US,2021-03-03 01:06:51,40.8167,-82.2665,33.01,69,1,6.91
7,Atuona,PF,2021-03-03 01:06:51,-9.8,-139.0333,80.42,70,0,10.54
8,Punta Arenas,CL,2021-03-03 01:02:52,-53.15,-70.9167,57.0,50,20,9.22
9,Faanui,PF,2021-03-03 01:06:52,-16.4833,-151.75,82.51,77,100,10.25
10,Puerto Madryn,AR,2021-03-03 01:06:52,-42.7692,-65.0385,60.17,76,1,15.46
11,Narsaq,GL,2021-03-03 01:06:52,60.9167,-46.05,41.0,30,20,29.93
12,Ancud,CL,2021-03-03 01:06:52,-41.8697,-73.8203,57.99,77,0,1.36
13,Coihaique,CL,2021-03-03 01:06:53,-45.5752,-72.0662,62.6,63,75,5.75
14,Vao,NC,2021-03-03 01:06:53,-22.6667,167.4833,77.83,75,100,12.57
15,Mataura,NZ,2021-03-03 01:06:54,-46.1927,168.8643,70.0,64,3,10.0
16,Yablonovo,RU,2021-03-03 01:06:54,50.8523,37.3574,33.8,86,75,13.42
17,Ternate,ID,2021-03-03 01:06:54,0.8,127.4,82.67,69,100,6.49
18,Dire,ML,2021-03-03 01:06:55,12.2833,-10.9667,79.7,19,0,0.72
19,Lavrentiya,RU,2021-03-03 01:06:55,65.5833,-171.0,-14.37,82,22,13.33
20,Lethem,GY,2021-03-03 01:06:55,3.3803,-59.7968,79.7,48,99,6.51
21,Port Alfred,ZA,2021-03-03 01:06:55,-33.5906,26.891,66.99,94,30,8.88
22,Rikitea,PF,2021-03-03 01:02:55,-23.1203,-134.9692,78.33,69,65,0.94
23,Kavaratti,IN,2021-03-03 01:06:56,10.5669,72.642,81.03,78,50,9.44
24,Qaanaaq,GL,2021-03-03 01:06:56,77.484,-69.3632,3.09,73,100,10.16
25,Dali,CN,2021-03-03 01:06:57,25.7,100.1833,50.13,59,0,2.55
26,Mar Del Plata,AR,2021-03-03 01:04:12,-38.0023,-57.5575,72.0,94,90,8.05
27,Avarua,CK,2021-03-03 01:06:57,-21.2078,-159.775,82.4,78,90,6.91
28,Ulladulla,AU,2021-03-03 01:06:58,-35.35,150.4667,66.2,42,0,8.05
29,Tasiilaq,GL,2021-03-03 01:06:58,65.6145,-37.6368,26.6,46,90,17.27
30,Tazmalt,DZ,2021-03-03 01:06:58,36.3868,4.3989,56.05,60,93,3.56
31,Ocho Rios,JM,2021-03-03 01:06:58,18.4025,-77.1048,73.0,94,23,6.96
32,Sao Felix Do Xingu,BR,2021-03-03 01:06:59,-6.6447,-51.995,71.96,98,100,0.85
33,Hambantota,LK,2021-03-03 01:06:59,6.1241,81.1185,68.0,100,1,4.61
34,Ushuaia,AR,2021-03-03 01:02:44,-54.8,-68.3,51.8,62,40,9.22
35,Arroyo,ES,2021-03-03 01:07:00,41.6096,-4.7969,48.0,93,90,4.61
36,Carmo Do Rio Claro,BR,2021-03-03 01:07:00,-20.9719,-46.1189,65.89,91,100,1.68
37,Tuktoyaktuk,CA,2021-03-03 01:07:01,69.4541,-133.0374,-13.0,70,75,9.22
38,Cape Town,ZA,2021-03-03 01:02:05,-33.9258,18.4232,69.01,94,75,5.75
39,Saldanha,ZA,2021-03-03 01:07:01,-33.0117,17.9442,62.6,94,0,2.3
40,Gambela,ET,2021-03-03 01:07:01,8.25,34.5833,84.79,39,92,8.63
41,Castro,BR,2021-03-03 01:07:02,-24.7911,-50.0119,64.18,95,100,4.36
42,Thanh Hoa,VN,2021-03-03 01:03:58,19.8,105.7667,66.92,76,100,4.85
43,Fort Nelson,CA,2021-03-03 01:07:02,58.8053,-122.7002,23.0,63,75,2.28
44,Berlevag,NO,2021-03-03 01:07:03,70.8578,29.0864,27.18,86,100,5.77
45,Estacion Coahuila,MX,2021-03-03 01:07:03,32.1939,-115.0017,75.2,9,1,3.44
46,Norman Wells,CA,2021-03-03 01:07:03,65.282,-126.8329,-13.0,64,75,9.22
47,Port Blair,IN,2021-03-03 01:07:04,11.6667,92.75,69.8,94,0,2.3
48,Tateyama,JP,2021-03-03 01:02:08,34.9833,139.8667,48.99,39,20,25.32
49,Kapaa,US,2021-03-03 01:03:21,22.0752,-159.319,75.2,60,90,24.16
50,Bambous Virieux,MU,2021-03-03 01:07:05,-20.3428,57.7575,78.8,89,75,5.75
51,Greenville,US,2021-03-03 01:04:39,35.6127,-77.3663,44.6,57,1,4.61
52,Severo-Kurilsk,RU,2021-03-03 01:07:05,50.6789,156.125,36.91,92,100,20.51
53,Longyearbyen,SJ,2021-03-03 01:07:05,78.2186,15.6401,5.0,66,0,12.66
54,Santa Cruz De Tenerife,ES,2021-03-03 01:07:06,28.4682,-16.2546,62.01,82,0,3.44
55,Shizunai,JP,2021-03-03 01:07:06,42.3339,142.3669,24.82,85,0,18.88
56,Miragoane,HT,2021-03-03 01:07:07,18.4423,-73.0876,76.91,71,36,2.8
57,Cranbrook,CA,2021-03-03 01:06:56,49.4999,-115.7688,44.6,45,75,5.75
58,Formosa,AR,2021-03-03 01:07:07,-26.1775,-58.1781,82.4,78,75,6.91
59,Los Llanos De Aridane,ES,2021-03-03 01:07:08,28.6585,-17.9182,66.2,68,90,5.75
60,Talnakh,RU,2021-03-03 01:07:08,69.4865,88.3972,-26.91,73,0,9.06
61,Sosnovo-Ozerskoye,RU,2021-03-03 01:07:09,52.5249,111.5418,3.29,94,100,5.79
62,Celestun,MX,2021-03-03 01:07:09,20.8667,-90.4,76.95,82,0,11.48
63,Iranshahr,IR,2021-03-03 01:07:09,27.2025,60.6848,64.4,39,0,6.91
64,Mahebourg,MU,2021-03-03 01:07:10,-20.4081,57.7,78.8,89,75,5.75
65,Bria,CF,2021-03-03 01:07:10,6.5423,21.9863,71.17,22,100,4.85
66,Hervey Bay,AU,2021-03-03 01:05:40,-25.2986,152.8535,89.01,51,5,11.5
67,Nizhnevartovsk,RU,2021-03-03 01:07:10,60.9344,76.5531,-5.8,84,0,11.18
68,Cidreira,BR,2021-03-03 01:07:11,-30.1811,-50.2056,76.64,85,100,9.86
69,Vaini,TO,2021-03-03 01:07:11,-21.2,-175.2,80.6,89,75,17.27
70,Hermanus,ZA,2021-03-03 01:07:11,-34.4187,19.2345,61.0,93,0,5.97
71,Georgetown,MY,2021-03-03 01:07:11,5.4112,100.3354,80.6,88,20,2.3
72,Wellington,NZ,2021-03-03 01:05:38,-41.2866,174.7756,70.0,64,75,21.85
73,Sao Joao Da Barra,BR,2021-03-03 01:07:12,-21.6403,-41.0511,75.94,90,27,9.66
74,Vila Franca Do Campo,PT,2021-03-03 01:07:12,37.7167,-25.4333,59.0,88,20,23.02
75,Pevek,RU,2021-03-03 01:07:13,69.7008,170.3133,-25.13,85,3,3.87
76,Tambacounda,SN,2021-03-03 01:07:13,13.7539,-13.7586,87.8,35,0,9.22
77,Mount Gambier,AU,2021-03-03 01:07:13,-37.8333,140.7667,60.8,51,90,10.36
78,Kavieng,PG,2021-03-03 01:07:14,-2.5744,150.7967,83.05,77,100,12.77
79,Nhulunbuy,AU,2021-03-03 01:07:14,-12.2333,136.7667,87.8,66,75,13.8
80,Yekaterinoslavka,RU,2021-03-03 01:07:14,50.3734,129.1139,7.83,95,99,12.64
81,Cherskiy,RU,2021-03-03 01:07:15,68.75,161.3,-25.73,83,75,2.15
82,Marawi,PH,2021-03-03 01:07:15,7.9986,124.2928,81.0,75,100,4.0
83,Provideniya,RU,2021-03-03 01:07:15,64.3833,-173.3,1.4,66,0,20.13
84,Butaritari,KI,2021-03-03 01:07:15,3.0707,172.7902,81.37,78,0,18.88
85,Severnyy,RU,2021-03-03 01:07:16,50.677,36.5532,33.8,86,75,13.42
86,Saint-Philippe,RE,2021-03-03 01:07:16,-21.3585,55.7679,75.2,69,0,5.75
87,Clyde River,CA,2021-03-03 01:03:14,70.4692,-68.5914,-5.8,84,90,4.61
88,Ankang,CN,2021-03-03 01:07:17,32.68,109.0172,45.0,28,100,4.0
89,Sur,OM,2021-03-03 01:07:17,22.5667,59.5289,73.65,47,0,2.95
90,Haines Junction,CA,2021-03-03 01:07:17,60.7522,-137.5108,35.6,30,100,6.91
91,Oksfjord,NO,2021-03-03 01:07:17,70.2396,22.3479,30.99,86,100,6.91
92,Grand Gaube,MU,2021-03-03 01:07:18,-20.0064,57.6608,75.0,84,27,16.33
93,Avera,US,2021-03-03 01:07:18,33.194,-82.5271,46.4,87,75,5.75
94,Airai,TL,2021-03-03 01:07:18,-8.9266,125.4092,70.43,75,100,2.21
95,Dolores,AR,2021-03-03 01:07:19,-36.3132,-57.6792,69.66,95,6,8.99
96,Sobolevo,RU,2021-03-03 01:07:19,54.4299,31.8996,28.9,96,0,9.73
97,Temyasovo,RU,2021-03-03 01:07:19,52.9933,58.1014,15.8,86,90,13.42
98,Jamestown,US,2021-03-03 01:07:19,42.097,-79.2353,30.0,85,1,12.37
99,Salalah,OM,2021-03-03 01:07:19,17.0151,54.0924,73.4,73,20,4.61
100,Koyelga,RU,2021-03-03 01:07:20,54.6522,60.9049,17.31,93,100,13.89
101,Ribeira Grande,PT,2021-03-03 01:07:20,38.5167,-28.7,58.01,63,18,28.32
102,Riyadh,SA,2021-03-03 01:02:46,24.6877,46.7219,57.2,62,20,4.61
103,Orange Walk,BZ,2021-03-03 01:07:21,17.8333,-88.8333,80.6,83,20,5.75
104,Hokitika,NZ,2021-03-03 01:07:21,-42.7167,170.9667,64.42,79,2,6.46
105,Kodiak,US,2021-03-03 01:07:21,57.79,-152.4072,37.4,65,90,12.66
106,Vestmanna,FO,2021-03-03 01:07:21,62.1564,-7.1664,44.6,93,75,9.22
107,Maypangdan,PH,2021-03-03 01:07:21,11.6519,125.4503,80.85,72,60,9.4
108,Tabou,CI,2021-03-03 01:07:22,4.423,-7.3528,78.66,88,69,5.46
109,Sendai,JP,2021-03-03 01:07:22,38.2689,140.8719,39.2,41,40,13.8
110,Carnarvon,AU,2021-03-03 01:07:22,-24.8667,113.6333,75.2,100,90,6.91
111,Ouargaye,BF,2021-03-03 01:07:23,11.5033,0.0572,80.82,17,0,8.72
112,Barrow,US,2021-03-03 01:07:23,71.2906,-156.7887,-16.6,63,75,11.5
113,Turkistan,KZ,2021-03-03 01:07:23,43.0,68.0,34.16,82,100,4.9
114,Busselton,AU,2021-03-03 01:04:43,-33.65,115.3333,69.01,84,100,1.01
115,Saint Anthony,US,2021-03-03 01:07:24,45.0205,-93.218,44.6,61,1,4.61
116,Rawson,AR,2021-03-03 01:02:45,-43.3002,-65.1023,59.34,76,7,14.76
117,Margate,GB,2021-03-03 01:07:25,51.3813,1.3862,42.01,91,29,1.99
118,Uyuni,BO,2021-03-03 01:07:25,-20.4597,-66.825,56.41,52,56,12.88
119,Yar-Sale,RU,2021-03-03 01:07:26,66.8333,70.8333,7.07,95,100,16.17
120,Wasilla,US,2021-03-03 01:07:22,61.5814,-149.4394,23.0,63,1,0.6
121,Tilichiki,RU,2021-03-03 01:07:26,60.4667,166.1,-7.11,86,100,6.24
122,Hamilton,US,2021-03-03 01:07:26,39.1834,-84.5333,37.99,60,1,2.13
123,Dikson,RU,2021-03-03 01:07:27,73.5069,80.5464,-25.02,79,0,7.96
124,Lebu,CL,2021-03-03 01:07:27,-37.6167,-73.65,59.18,79,71,14.76
125,Cabo San Lucas,MX,2021-03-03 01:07:27,22.8909,-109.9124,68.0,68,75,4.61
126,Lompoc,US,2021-03-03 01:07:27,34.6391,-120.4579,55.4,71,1,5.75
127,Vilhena,BR,2021-03-03 01:03:07,-12.7406,-60.1458,69.58,98,100,4.65
128,Hasaki,JP,2021-03-03 01:07:28,35.7333,140.8333,45.0,45,20,18.41
129,Bengkulu,ID,2021-03-03 01:07:28,-3.8004,102.2655,77.27,83,92,4.03
130,Katsuura,JP,2021-03-03 01:07:29,35.1333,140.3,48.99,39,20,25.32
131,Leningradskiy,RU,2021-03-03 01:07:29,69.3833,178.4167,-19.19,84,40,6.44
132,Tuy Hoa,VN,2021-03-03 01:07:29,13.0833,109.3,76.14,85,100,9.1
133,Puerto Ayora,EC,2021-03-03 01:07:29,-0.7393,-90.3518,78.01,94,60,6.8
134,Sitka,US,2021-03-03 01:07:30,57.0531,-135.33,37.4,75,75,8.05
135,Coos Bay,US,2021-03-03 01:07:30,43.3665,-124.2179,53.01,81,1,16.11
136,Sinegorye,RU,2021-03-03 01:07:30,62.0788,150.477,-18.54,96,100,3.33
137,Alofi,NU,2021-03-03 01:07:30,-19.0595,-169.9187,82.4,83,75,9.22
138,Saint-Pierre,RE,2021-03-03 01:07:31,-21.3393,55.4781,75.2,69,0,5.75
139,Del Rio,US,2021-03-03 01:07:31,29.3627,-100.8968,64.4,27,1,5.75
140,Imbituba,BR,2021-03-03 01:07:32,-28.24,-48.6703,78.8,89,75,8.05
141,Fortuna,US,2021-03-03 01:07:32,40.5982,-124.1573,55.99,70,47,1.99
142,Grindavik,IS,2021-03-03 01:07:32,63.8424,-22.4338,41.0,100,90,8.05
143,Sioux City,US,2021-03-03 01:07:32,42.5,-96.4003,48.2,57,1,3.44
144,Oranjestad,AW,2021-03-03 01:07:33,12.524,-70.027,78.8,69,20,13.8
145,Ohaeawai,NZ,2021-03-03 01:07:33,-35.3509,173.8822,72.0,87,100,5.99
146,Yellowknife,CA,2021-03-03 01:07:04,62.456,-114.3525,-0.99,78,90,9.22
147,Port Elizabeth,ZA,2021-03-03 01:03:39,-33.918,25.5701,68.0,94,20,9.22
148,Homer,US,2021-03-03 01:03:43,59.6425,-151.5483,28.4,74,90,9.22
149,Bredasdorp,ZA,2021-03-03 01:07:34,-34.5322,20.0403,57.2,94,0,2.3
150,Port-Cartier,CA,2021-03-03 01:07:34,50.0334,-66.8654,12.2,57,75,14.97
151,Kamsack,CA,2021-03-03 01:07:35,51.5667,-101.9009,19.4,93,75,4.61
152,Chipinge,ZW,2021-03-03 01:07:35,-20.1883,32.6236,60.84,100,80,1.34
153,Camacha,PT,2021-03-03 01:07:35,33.0833,-16.3333,57.2,67,20,1.14
154,Santa Maria A Monte,IT,2021-03-03 01:07:35,43.6999,10.689,46.0,75,0,3.18
155,Okha,RU,2021-03-03 01:07:36,53.5739,142.9478,-4.36,84,0,15.3
156,Sao Jose Da Coroa Grande,BR,2021-03-03 01:07:36,-8.8978,-35.1478,78.42,84,9,10.16
157,Hithadhoo,MV,2021-03-03 01:07:36,-0.6,73.0833,82.8,68,100,9.86
158,Lewistown,US,2021-03-03 01:07:36,40.5992,-77.5714,32.0,47,1,4.61
159,Amuntai,ID,2021-03-03 01:07:37,-2.4177,115.2494,74.59,95,100,3.06
160,Chuy,UY,2021-03-03 01:07:37,-33.6971,-53.4616,73.0,88,19,10.69
161,East London,ZA,2021-03-03 01:05:01,-33.0153,27.9116,74.19,82,30,8.93
162,Kachug,RU,2021-03-03 01:07:38,53.9606,105.8817,4.96,91,100,2.68
163,Gazanjyk,TM,2021-03-03 01:07:38,39.2446,55.5154,44.73,77,0,1.21
164,Nikolskoye,RU,2021-03-03 01:07:39,59.7035,30.7861,30.99,80,0,11.18
165,Verkhniy Avzyan,RU,2021-03-03 01:07:39,53.5289,57.5372,19.87,96,100,8.41
166,Wilmington,US,2021-03-03 01:03:41,34.2257,-77.9447,48.2,57,75,9.22
167,Lubango,AO,2021-03-03 01:07:39,-14.9172,13.4925,60.28,66,0,3.13
168,Phu Ly,VN,2021-03-03 01:07:40,20.5411,105.9139,66.15,73,100,0.67
169,Pangkalanbuun,ID,2021-03-03 01:07:40,-2.6833,111.6167,75.61,95,100,4.03
170,Banda Aceh,ID,2021-03-03 01:04:31,5.5577,95.3222,80.01,74,3,5.01
171,Port Arthur,CN,2021-03-03 01:07:41,38.8,121.2667,41.0,65,0,13.42
172,Kirakira,SB,2021-03-03 01:07:41,-10.4544,161.9205,80.67,84,100,5.03
173,San Jose,US,2021-03-03 01:06:57,37.3394,-121.895,64.0,44,75,11.5
174,Murmashi,RU,2021-03-03 01:07:41,68.8154,32.8115,21.2,79,0,6.71
175,Korbach,DE,2021-03-03 01:07:42,51.2756,8.873,39.99,93,0,3.44
176,Creel,MX,2021-03-03 01:07:42,27.75,-107.6333,51.35,23,84,9.44
177,Mackenzie,CA,2021-03-03 01:07:42,55.2999,-123.1698,33.8,55,20,17.27
178,Pitimbu,BR,2021-03-03 01:07:43,-7.4706,-34.8086,77.0,100,75,3.44
179,Port Lincoln,AU,2021-03-03 01:07:43,-34.7333,135.8667,64.38,70,54,16.51
180,Dubai,AE,2021-03-03 01:06:39,25.2582,55.3047,77.0,47,0,3.44
181,Albany,US,2021-03-03 01:07:00,42.6001,-73.9662,21.99,51,0,6.06
182,Richards Bay,ZA,2021-03-03 01:07:44,-28.783,32.0377,69.39,91,4,5.99
183,Parrita,CR,2021-03-03 01:07:44,9.5201,-84.3225,71.6,60,0,16.11
184,Pangnirtung,CA,2021-03-03 01:07:44,66.1451,-65.7125,7.59,91,100,5.46
185,Channahon,US,2021-03-03 01:07:44,41.4295,-88.2287,41.0,75,1,8.05
186,Thompson,CA,2021-03-03 01:07:45,55.7435,-97.8558,8.6,66,75,3.44
187,Arraial Do Cabo,BR,2021-03-03 01:07:45,-22.9661,-42.0278,77.05,86,100,20.38
188,Menzelinsk,RU,2021-03-03 01:07:45,55.7271,53.1026,24.8,100,90,8.95
189,Savonlinna,FI,2021-03-03 01:07:46,61.8699,28.88,28.4,80,0,10.36
190,Morant Bay,JM,2021-03-03 01:07:46,17.8815,-76.4093,80.6,69,20,18.41
191,Tiksi,RU,2021-03-03 01:07:46,71.6872,128.8694,-31.14,100,100,3.38
192,Victor Harbor,AU,2021-03-03 01:07:46,-35.5667,138.6167,64.0,62,0,12.91
193,Viedma,AR,2021-03-03 01:07:46,-40.8135,-62.9967,66.45,86,98,13.6
194,Port Hardy,CA,2021-03-03 01:07:47,50.6996,-127.4199,42.8,81,90,5.75
195,Vostok,RU,2021-03-03 01:07:47,46.4856,135.8833,9.81,88,0,2.8
196,Magdagachi,RU,2021-03-03 01:07:48,53.45,125.8,-6.86,91,100,7.0
197,Bethel,US,2021-03-03 01:07:48,41.3712,-73.414,26.01,39,0,3.0
198,Ambilobe,MG,2021-03-03 01:07:49,-13.2,49.05,73.49,90,95,2.04
199,Praia Da Vitoria,PT,2021-03-03 01:07:49,38.7333,-27.0667,55.0,87,20,26.31
200,Soyo,AO,2021-03-03 01:07:49,-6.1349,12.3689,80.1,84,100,4.21
201,Saint George,US,2021-03-03 01:07:50,37.1041,-113.5841,66.2,7,1,2.21
202,Quatre Cocos,MU,2021-03-03 01:07:50,-20.2078,57.7625,78.8,89,75,5.75
203,Souillac,MU,2021-03-03 01:07:50,-20.5167,57.5167,78.8,89,75,5.75
204,Egvekinot,RU,2021-03-03 01:07:51,66.3167,-179.1667,-13.43,87,0,3.2
205,Wanning,CN,2021-03-03 01:07:51,18.8003,110.3967,72.54,86,100,4.83
206,Port Augusta,AU,2021-03-03 01:07:51,-32.5,137.7667,75.2,33,47,10.36
207,Shenkursk,RU,2021-03-03 01:07:52,62.1091,42.896,21.97,96,100,11.05
208,New Albany,US,2021-03-03 01:04:55,38.2856,-85.8241,44.6,24,1,5.75
209,Finnsnes,NO,2021-03-03 01:07:52,69.2296,17.9811,30.2,80,75,13.8
210,Tual,ID,2021-03-03 01:07:52,-5.6667,132.75,82.71,77,100,15.86
211,Havoysund,NO,2021-03-03 01:07:53,70.9963,24.6622,28.4,100,90,2.3
212,Thaba-Tseka,LS,2021-03-03 01:07:53,-29.522,28.6084,49.44,80,0,0.29
213,Yamada,JP,2021-03-03 01:07:53,39.4667,141.95,36.46,69,0,7.74
214,Rocha,UY,2021-03-03 01:07:53,-34.4833,-54.3333,70.16,94,4,8.48
215,Aksarka,RU,2021-03-03 01:07:54,66.5606,67.7975,6.31,95,100,6.11
216,Apple Valley,US,2021-03-03 01:06:49,34.5008,-117.1859,64.99,11,1,1.99
217,Igarka,RU,2021-03-03 01:07:54,67.4667,86.5833,-28.8,77,0,11.43
218,Mattru,SL,2021-03-03 01:07:54,7.6244,-11.8332,77.09,90,8,1.3
219,Khatanga,RU,2021-03-03 01:07:55,71.9667,102.5,-38.69,79,0,4.45
220,Buenos Aires,AR,2021-03-03 01:07:55,-34.6132,-58.3772,79.0,78,20,12.66
221,Tessalit,ML,2021-03-03 01:07:55,20.1986,1.0114,70.61,20,1,12.35
222,Atar,MR,2021-03-03 01:07:56,20.5169,-13.0499,65.66,27,92,12.19
223,Luderitz,NA,2021-03-03 01:07:56,-26.6481,15.1594,68.11,68,0,9.75
224,Imeni Poliny Osipenko,RU,2021-03-03 01:07:57,52.4201,136.4853,-9.04,85,27,7.25
225,Todos Santos,MX,2021-03-03 01:07:57,23.45,-110.2167,69.01,62,52,4.92
226,Kiunga,PG,2021-03-03 01:07:57,-6.1219,141.2906,84.72,65,77,5.79
227,Athabasca,CA,2021-03-03 01:07:58,54.7169,-113.2854,37.4,56,32,6.91
228,San Felipe,VE,2021-03-03 01:07:58,10.3399,-68.7425,65.08,95,99,3.09
229,Polewali,ID,2021-03-03 01:07:58,-3.4324,119.3435,85.37,61,88,0.72
230,Kondinskoye,RU,2021-03-03 01:07:58,59.6481,67.41,8.35,94,100,13.96
231,Benjamin Hill,MX,2021-03-03 01:07:59,30.1667,-111.1,75.99,20,0,5.01
232,Ilulissat,GL,2021-03-03 01:07:59,69.2167,-51.1,28.4,40,20,31.07
233,Hobart,AU,2021-03-03 01:07:24,-42.8794,147.3294,61.0,51,75,9.22
234,Victoria,HK,2021-03-03 01:06:03,22.2855,114.1577,66.0,75,97,5.01
235,Syracuse,IT,2021-03-03 01:08:00,37.0881,15.2792,55.4,62,0,10.36
236,Nome,US,2021-03-03 01:08:00,64.5011,-165.4064,3.2,60,20,10.36
237,Ranfurly,NZ,2021-03-03 01:08:00,-45.1333,170.1,69.01,48,33,16.73
238,Wuwei,CN,2021-03-03 01:08:00,37.9281,102.6414,36.75,31,0,1.34
239,Amberley,US,2021-03-03 01:08:01,39.2048,-84.428,37.99,60,1,2.06
240,Nishihara,JP,2021-03-03 01:08:01,26.1842,127.7558,66.2,39,40,13.8
241,Nakamura,JP,2021-03-03 01:08:02,32.9833,132.9333,49.46,48,0,0.74
242,Pemangkat,ID,2021-03-03 01:08:02,1.1667,108.9667,80.85,81,90,7.61
243,Salto,UY,2021-03-03 01:03:28,-31.3833,-57.9667,82.0,67,100,3.0
244,Takoradi,GH,2021-03-03 01:08:02,4.8845,-1.7554,79.48,89,42,7.47
245,Ketchikan,US,2021-03-03 01:08:03,55.3422,-131.6461,37.4,93,90,11.5
246,Pokosnoye,RU,2021-03-03 01:08:03,55.5258,101.0536,-13.31,89,100,2.62
247,Vetluga,RU,2021-03-03 01:08:03,57.8557,45.781,22.73,98,99,11.12
248,Sabang,ID,2021-03-03 01:08:04,5.8933,95.3214,81.81,75,9,7.43
249,Ahipara,NZ,2021-03-03 01:08:04,-35.1667,173.1667,71.98,71,100,11.92
250,Wufeng,CN,2021-03-03 01:08:04,27.45,104.8333,32.36,100,100,2.01
251,Geraldton,AU,2021-03-03 01:08:05,-28.7667,114.6,71.6,83,90,9.22
252,Natitingou,BJ,2021-03-03 01:08:05,10.3042,1.3796,82.4,20,0,4.61
253,Lira,UG,2021-03-03 01:08:06,2.235,32.9097,70.39,46,22,4.29
254,Fort Saint James,CA,2021-03-03 01:08:06,54.4333,-124.25,33.84,88,100,11.01
255,Port-Gentil,GA,2021-03-03 01:08:06,-0.7193,8.7815,81.82,81,100,7.99
256,Altay,CN,2021-03-03 01:08:07,47.8667,88.1167,21.43,94,100,1.7
257,Vlasenica,BA,2021-03-03 01:08:07,44.1819,18.9406,30.2,74,0,2.3
258,Concarneau,FR,2021-03-03 01:08:07,47.875,-3.9225,50.0,93,90,5.75
259,Chunar,IN,2021-03-03 01:08:08,25.1333,82.9,62.6,77,0,5.75
260,Tolaga Bay,NZ,2021-03-03 01:08:08,-38.3667,178.3,76.08,55,97,7.72
261,Te Anau,NZ,2021-03-03 01:08:08,-45.4167,167.7167,63.41,59,45,9.13
262,Koudougou,BF,2021-03-03 01:08:09,12.25,-2.3667,81.52,16,0,8.99
263,Shingu,JP,2021-03-03 01:08:09,33.7333,135.9833,42.8,49,20,17.27
264,Houma,US,2021-03-03 01:04:23,29.5958,-90.7195,48.99,93,90,14.97
265,Saskylakh,RU,2021-03-03 01:08:09,71.9167,114.0833,-42.14,99,46,0.85
266,Umm Lajj,SA,2021-03-03 01:08:10,25.0213,37.2685,68.97,51,0,10.78
267,San Juan,AR,2021-03-03 01:06:19,-31.5375,-68.5364,76.28,52,100,7.85
268,Broken Hill,AU,2021-03-03 01:08:10,-31.95,141.4333,69.8,26,0,10.36
269,Vanavara,RU,2021-03-03 01:08:10,60.34,102.2797,-36.56,96,7,4.72
270,Walvis Bay,NA,2021-03-03 01:03:16,-22.9575,14.5053,66.0,90,0,1.01
271,Luganville,VU,2021-03-03 01:08:11,-15.5333,167.1667,87.15,69,100,2.28
272,Tigzirt,DZ,2021-03-03 01:08:11,36.8886,4.1198,54.81,81,15,1.61
273,The Valley,AI,2021-03-03 01:08:12,18.217,-63.0578,77.0,65,20,13.8
274,Roald,NO,2021-03-03 01:08:12,62.5833,6.1333,41.0,93,90,19.57
275,Half Moon Bay,US,2021-03-03 01:08:12,37.4636,-122.4286,60.8,76,1,5.75
276,Suntar,RU,2021-03-03 01:08:13,62.1444,117.6319,-30.26,97,57,4.23
277,Chokurdakh,RU,2021-03-03 01:08:13,70.6333,147.9167,-28.23,96,90,5.3
278,Sao Gabriel,BR,2021-03-03 01:08:13,-30.3364,-54.32,74.97,81,86,10.4
279,Patos De Minas,BR,2021-03-03 01:08:14,-18.5789,-46.5181,66.0,5,63,3.6
280,Sainte-Rose,GP,2021-03-03 01:08:14,16.3324,-61.6979,73.4,83,0,2.3
281,Mufumbwe,ZM,2021-03-03 01:08:14,-13.6833,24.8,61.07,98,100,3.38
282,Mana,GF,2021-03-03 01:08:15,5.6592,-53.7767,76.23,89,100,9.86
283,Sorong,ID,2021-03-03 01:08:15,-0.8833,131.25,81.3,73,100,12.77
284,Khani,GE,2021-03-03 01:08:15,41.9563,42.9566,30.2,100,0,4.61
285,Tutoia,BR,2021-03-03 01:08:16,-2.7619,-42.2744,80.02,80,100,12.26
286,Tatarsk,RU,2021-03-03 01:08:16,55.219,75.9828,-3.96,92,85,6.73
287,Puerto Escondido,MX,2021-03-03 01:08:16,15.85,-97.0667,78.8,73,20,5.39
288,Kudat,MY,2021-03-03 01:08:17,6.8837,116.8477,80.6,89,20,4.61
289,Pundaguitan,PH,2021-03-03 01:08:17,6.3711,126.1689,80.56,78,23,13.06
290,Katy,US,2021-03-03 01:04:49,29.7858,-95.8244,59.0,50,0,7.02
291,Torbay,CA,2021-03-03 01:03:18,47.6666,-52.7314,30.2,93,75,10.36
292,Buchanan,LR,2021-03-03 01:08:17,5.8808,-10.0467,79.3,88,0,5.26
293,Evensk,RU,2021-03-03 01:08:18,61.95,159.2333,-0.13,89,100,9.35
294,Port Shepstone,ZA,2021-03-03 01:08:18,-30.7414,30.455,71.91,85,0,11.97
295,Buala,SB,2021-03-03 01:08:18,-8.145,159.5921,81.05,83,100,10.47
296,Sarakhs,IR,2021-03-03 01:08:19,36.5449,61.1577,42.8,65,51,2.3
297,Awjilah,LY,2021-03-03 01:08:19,29.1081,21.2869,56.55,57,0,12.53
298,Vila,PT,2021-03-03 01:08:19,42.0304,-8.1588,44.01,91,32,3.0
299,Tuatapere,NZ,2021-03-03 01:08:20,-46.1333,167.6833,70.0,64,73,10.0
300,Nuuk,GL,2021-03-03 01:08:20,64.1835,-51.7216,26.01,53,100,10.0
301,Kismayo,SO,2021-03-03 01:08:20,-0.3582,42.5454,78.96,79,88,16.73
302,Paka,MY,2021-03-03 01:07:08,4.6374,103.4368,73.4,94,40,3.0
303,Khasan,RU,2021-03-03 01:08:21,42.4308,130.6434,29.3,87,99,10.54
304,San Patricio,US,2021-03-03 01:08:21,28.017,-97.5169,66.2,77,20,8.05
305,Gizo,SB,2021-03-03 01:08:21,-8.103,156.8419,84.06,76,99,14.29
306,Becej,RS,2021-03-03 01:08:21,45.6163,20.0333,41.47,71,0,4.43
307,Monroe,US,2021-03-03 01:08:06,43.1501,-77.6831,28.99,54,75,3.44
308,Kenai,US,2021-03-03 01:08:22,60.5544,-151.2583,23.0,68,1,11.5
309,Olenino,RU,2021-03-03 01:08:22,56.2092,33.4889,27.63,86,22,10.11
310,Rio Grande,BR,2021-03-03 01:08:22,-32.035,-52.0986,73.0,93,45,11.54
311,Murray Bridge,AU,2021-03-03 01:08:23,-35.1167,139.2667,64.0,55,0,7.52
312,Kaitangata,NZ,2021-03-03 01:08:23,-46.2817,169.8464,72.19,50,0,1.43
313,Olpad,IN,2021-03-03 01:08:23,21.3333,72.75,66.2,68,0,7.29
314,Zaragoza,ES,2021-03-03 01:08:23,41.6561,-0.8773,53.01,93,75,2.3
315,Itarema,BR,2021-03-03 01:08:24,-2.9248,-39.9167,78.53,83,14,11.54
316,Daru,PG,2021-03-03 01:04:06,-9.0763,143.2092,85.05,72,100,13.96
317,Nampula,MZ,2021-03-03 01:08:24,-15.1165,39.2666,75.2,94,90,3.44
318,Arrifes,PT,2021-03-03 01:08:24,37.7667,-25.7,59.0,88,20,23.02
319,Huilong,CN,2021-03-03 01:08:25,31.8111,121.655,52.0,54,66,3.0
320,Pandan,PH,2021-03-03 01:08:25,14.0453,124.1694,79.84,81,10,12.5
321,Axim,GH,2021-03-03 01:08:25,4.8699,-2.2405,79.05,87,100,6.6
322,Lorengau,PG,2021-03-03 01:08:26,-2.0226,147.2712,82.98,77,100,8.7
323,Zhigansk,RU,2021-03-03 01:08:26,66.7697,123.3711,-30.86,94,40,11.65
324,Vogar,IS,2021-03-03 01:08:26,63.9832,-22.3874,42.8,100,90,8.05
325,Eydhafushi,MV,2021-03-03 01:08:26,5.1033,73.0708,82.18,70,100,15.1
326,Babushkin,RU,2021-03-03 01:08:27,51.7122,105.8647,16.45,94,95,5.84
327,Yuzhno-Kurilsk,RU,2021-03-03 01:08:27,44.0306,145.8556,16.38,91,99,27.16
328,Kaili,ID,2021-03-03 01:08:27,-3.4626,120.2147,77.43,68,88,1.95
329,Kajaani,FI,2021-03-03 01:08:28,64.2273,27.7285,26.6,80,0,9.22
330,Kudahuvadhoo,MV,2021-03-03 01:08:28,2.6708,72.8944,81.61,70,75,12.86
331,Howard Springs,AU,2021-03-03 01:08:28,-12.497,131.047,89.01,79,75,8.05
332,Nara,JP,2021-03-03 01:08:29,34.6851,135.8049,44.01,49,75,9.22
333,Sinnamary,GF,2021-03-03 01:08:29,5.3833,-52.95,75.65,91,100,11.99
334,Hulan Ergi,CN,2021-03-03 01:08:29,47.2042,123.6333,17.02,91,100,1.68
335,Bandarbeyla,SO,2021-03-03 01:08:30,9.4942,50.8122,77.27,73,100,15.03
336,Zyryanka,RU,2021-03-03 01:08:30,65.75,150.85,-24.56,82,100,0.47
337,Edson,CA,2021-03-03 01:04:38,53.5835,-116.4356,37.4,64,1,2.3
338,Sokoni,TZ,2021-03-03 01:08:30,-6.4333,39.55,78.8,83,20,8.86
339,Belyy Yar,RU,2021-03-03 01:08:31,53.6039,91.3903,8.6,85,40,6.71
340,Sioux Lookout,CA,2021-03-03 01:08:31,50.1001,-91.917,30.2,86,90,10.36
341,San Andres,CO,2021-03-03 01:08:31,12.5847,-81.7006,80.6,74,75,10.36
342,Talara,PE,2021-03-03 01:08:31,-4.5772,-81.2719,75.65,84,100,4.63
343,Korla,CN,2021-03-03 01:08:32,41.7597,86.1469,31.6,73,46,3.6
344,Bidor,MY,2021-03-03 01:08:32,4.1139,101.2884,75.2,94,20,3.44
345,Roquetas De Mar,ES,2021-03-03 01:08:32,36.7642,-2.6148,60.8,72,0,11.5
346,Urucara,BR,2021-03-03 01:08:33,-2.5364,-57.76,74.57,95,100,0.81
347,Santa Rosa,PH,2021-03-03 01:08:31,14.3122,121.1114,86.0,70,20,4.61
348,Cap-Aux-Meules,CA,2021-03-03 01:08:33,47.3821,-61.8597,15.8,92,100,35.68
349,Fukue,JP,2021-03-03 01:08:33,32.6881,128.8419,48.2,57,75,14.97
350,Coquimbo,CL,2021-03-03 01:07:56,-29.9533,-71.3436,62.6,82,0,3.44
351,Buin,CL,2021-03-03 01:08:34,-33.7333,-70.75,69.8,60,0,10.36
352,Gboko,NG,2021-03-03 01:08:34,7.3179,8.9951,77.9,41,5,8.7
353,Koraput,IN,2021-03-03 01:08:34,18.8167,82.7167,61.59,45,98,2.59
354,Ponta Do Sol,PT,2021-03-03 01:08:35,32.6667,-17.1,55.0,64,69,3.0
355,Shambu,ET,2021-03-03 01:08:35,9.5667,37.1,54.66,87,92,3.96
356,Genhe,CN,2021-03-03 01:08:35,50.7833,121.5167,5.56,92,100,3.02
357,Adrar,MR,2021-03-03 01:08:36,20.5022,-10.0711,63.32,29,12,10.22
358,Pontianak,ID,2021-03-03 01:03:38,-0.0333,109.3333,77.0,94,90,2.71
359,Klaksvik,FO,2021-03-03 01:08:36,62.2266,-6.589,44.6,93,75,9.22
360,Ostrovnoy,RU,2021-03-03 01:08:36,68.0531,39.5131,27.25,96,100,24.72
361,Nyurba,RU,2021-03-03 01:08:37,63.2842,118.3319,-33.75,82,71,2.86
362,Acapulco,MX,2021-03-03 01:04:57,16.8634,-99.8901,78.8,78,75,4.61
363,Nemuro,JP,2021-03-03 01:08:37,43.3236,145.575,17.6,57,20,19.57
364,Tiznit,MA,2021-03-03 01:08:38,29.5833,-9.5,55.81,68,0,0.18
365,Belmonte,BR,2021-03-03 01:08:38,-15.8631,-38.8828,75.2,83,20,6.91
366,Laguna,US,2021-03-03 01:08:38,38.421,-121.4238,68.0,21,1,3.44
367,Toamasina,MG,2021-03-03 01:08:39,-18.1667,49.3833,76.1,85,53,5.28
368,Upernavik,GL,2021-03-03 01:08:39,72.7868,-56.1549,18.72,48,100,4.81
369,Luanda,AO,2021-03-03 01:08:39,-8.8368,13.2343,78.8,89,75,9.22
370,Lodja,CD,2021-03-03 01:08:39,-3.4833,23.4333,71.22,94,99,1.97
371,Tezu,IN,2021-03-03 01:08:40,27.9167,96.1667,67.6,27,5,3.62
372,Bemidji,US,2021-03-03 01:08:40,47.4736,-94.8803,37.4,75,1,8.05
373,Henties Bay,NA,2021-03-03 01:08:40,-22.116,14.2845,66.0,90,0,7.09
374,Uberaba,BR,2021-03-03 01:04:22,-19.7483,-47.9319,77.0,61,0,6.91
375,Papetoai,PF,2021-03-03 01:08:40,-17.4961,-149.8729,86.0,74,75,6.91
376,Coahuayana,MX,2021-03-03 01:08:41,18.7333,-103.6833,75.2,69,1,2.35
377,Husavik,IS,2021-03-03 01:08:41,66.0449,-17.3389,30.2,93,90,6.91
378,Presidente Dutra,BR,2021-03-03 01:08:41,-5.29,-44.49,72.57,95,100,2.35
379,Panama City,PA,2021-03-03 01:08:41,8.9936,-79.5197,80.6,61,40,11.5
380,Fairbanks,US,2021-03-03 01:07:41,64.8378,-147.7164,12.0,78,90,3.44
381,Manono,CD,2021-03-03 01:08:42,-7.3,27.4167,70.66,95,100,0.94
382,Codajas,BR,2021-03-03 01:08:42,-3.8367,-62.0569,72.14,98,100,2.04
383,Manado,ID,2021-03-03 01:08:43,1.487,124.8455,84.2,74,40,4.61
384,George Town,MY,2021-03-03 01:04:34,5.4112,100.3354,80.6,88,20,2.3
385,Vieques,PR,2021-03-03 01:08:43,18.425,-65.8329,78.8,65,40,10.36
386,Albion,US,2021-03-03 01:08:43,42.2431,-84.753,33.8,51,1,8.05
387,Kosh-Agach,RU,2021-03-03 01:08:44,50.0,88.6667,5.97,89,100,1.7
388,Aleksandrov Gay,RU,2021-03-03 01:08:44,50.147,48.5704,31.51,99,98,13.53
389,Mumford,GH,2021-03-03 01:08:44,5.2618,-0.759,80.13,88,43,9.26
390,Binga,ZW,2021-03-03 01:08:45,-17.6203,27.3414,68.09,86,89,1.63
391,Guigue,VE,2021-03-03 01:08:45,10.0853,-67.7792,75.2,69,0,5.46
392,Roebourne,AU,2021-03-03 01:08:45,-20.7833,117.1333,85.39,66,11,11.72
393,Kingisepp,RU,2021-03-03 01:08:45,59.3733,28.6134,29.75,97,2,8.19
394,Port Huron,US,2021-03-03 01:08:45,42.9709,-82.4249,33.8,47,1,10.36
395,Maningrida,AU,2021-03-03 01:08:46,-12.0667,134.2667,87.3,67,96,7.34
396,Jizan,SA,2021-03-03 01:08:46,17.3333,42.6667,78.8,73,0,3.44
397,Elk Grove,US,2021-03-03 01:08:47,38.4088,-121.3716,68.0,21,1,3.44
398,Wadi Maliz,TN,2021-03-03 01:08:47,36.4681,8.5495,48.2,87,9,4.61
399,Wenchi,GH,2021-03-03 01:08:48,7.7392,-2.1046,76.93,82,35,6.93
400,Anadyr,RU,2021-03-03 01:08:48,64.75,177.4833,-18.4,69,0,8.95
401,Ballina,AU,2021-03-03 01:08:48,-28.8667,153.5667,75.2,64,90,8.05
402,Juneau,US,2021-03-03 01:04:19,58.3019,-134.4197,37.4,75,90,14.97
403,Najran,SA,2021-03-03 01:08:49,17.4924,44.1277,69.8,28,0,5.75
404,Ratnagiri,IN,2021-03-03 01:08:49,16.9833,73.3,75.07,54,0,4.47
405,Usinsk,RU,2021-03-03 01:08:50,65.9939,57.5281,6.44,95,89,7.83
406,Bathsheba,BB,2021-03-03 01:08:50,13.2167,-59.5167,77.0,65,20,17.27
407,Cairns,AU,2021-03-03 01:08:50,-16.9167,145.7667,84.2,65,90,19.57
408,Kristiansund,NO,2021-03-03 01:08:50,63.1115,7.732,42.8,87,90,16.11
409,Vila Velha,BR,2021-03-03 01:08:51,-20.3297,-40.2925,77.0,88,40,3.44
410,Tocache,PE,2021-03-03 01:08:51,-8.1842,-76.5125,69.91,89,53,0.47
411,Malayal,PH,2021-03-03 01:08:51,7.208,121.942,84.2,79,75,6.91
412,Manacapuru,BR,2021-03-03 01:08:52,-3.2997,-60.6206,73.4,100,75,3.44
413,Saint-Ambroise,CA,2021-03-03 01:08:52,48.5501,-71.3324,3.2,66,79,14.97
414,Alice Springs,AU,2021-03-03 01:08:52,-23.7,133.8833,96.8,17,0,14.97
415,Jinchang,CN,2021-03-03 01:08:53,38.4953,102.1739,37.2,31,0,3.94
416,Udachnyy,RU,2021-03-03 01:04:01,66.4167,112.4,-38.76,78,62,2.53
417,Monster,NL,2021-03-03 01:08:53,52.0258,4.175,42.01,100,0,1.14
418,Kagadi,UG,2021-03-03 01:08:53,0.9606,30.7967,70.39,56,94,1.77
419,Kotma,IN,2021-03-03 01:08:54,23.2,81.9667,58.15,31,0,2.55
420,Araouane,ML,2021-03-03 01:08:54,18.9048,-3.5265,72.75,20,0,10.4
421,Bilibino,RU,2021-03-03 01:08:54,68.0546,166.4372,-11.45,81,45,3.04
422,Kununurra,AU,2021-03-03 01:08:55,-15.7667,128.7333,89.6,52,98,8.05
423,Mnogovershinnyy,RU,2021-03-03 01:08:55,53.9353,139.9242,-8.72,82,0,11.54
424,Pacific Grove,US,2021-03-03 01:08:45,36.6177,-121.9166,55.99,76,1,3.44
425,Chapleau,CA,2021-03-03 01:08:55,47.8405,-83.4034,26.6,86,90,10.36
426,Paraiso,CR,2021-03-03 01:08:55,9.8383,-83.8656,68.0,64,20,19.57
427,Oranjemund,NA,2021-03-03 01:08:56,-28.55,16.4333,63.99,82,0,6.31
428,Foix,FR,2021-03-03 01:08:56,42.8333,1.5833,50.0,29,13,6.24
429,Hirara,JP,2021-03-03 01:08:57,24.8,125.2833,66.2,63,75,11.5
430,Codrington,AU,2021-03-03 01:08:57,-38.2667,141.9667,59.94,55,100,10.38
431,Malanje,AO,2021-03-03 01:08:57,-9.5402,16.341,64.47,91,100,2.68
432,Okhotsk,RU,2021-03-03 01:08:57,59.3833,143.3,-3.96,88,100,5.26
433,Porto Walter,BR,2021-03-03 01:08:58,-8.2686,-72.7439,73.71,92,100,2.42
434,Daliang,CN,2021-03-03 01:08:58,22.8504,113.247,64.0,65,98,5.08
435,Scarborough,GB,2021-03-03 01:06:19,54.2797,-0.4044,36.0,93,0,2.82
436,Am Timan,TD,2021-03-03 01:08:59,11.0297,20.2827,72.46,21,0,7.09
437,Tonantins,BR,2021-03-03 01:08:59,-2.8731,-67.8022,73.62,96,100,2.26
438,Inhambane,MZ,2021-03-03 01:08:59,-23.865,35.3833,75.69,91,18,11.56
439,Ahuimanu,US,2021-03-03 01:09:00,21.4447,-157.8378,78.8,53,40,18.41
440,Kutum,SD,2021-03-03 01:09:00,14.2,24.6667,54.7,34,2,8.68
441,Oudtshoorn,ZA,2021-03-03 01:09:01,-33.5907,22.2014,60.8,88,0,4.61
442,Kruisfontein,ZA,2021-03-03 01:09:01,-34.0033,24.7314,66.99,94,42,1.99
443,Goya,AR,2021-03-03 01:09:01,-29.14,-59.2626,80.02,49,89,4.5
444,Makokou,GA,2021-03-03 01:09:02,0.5738,12.8642,71.71,96,100,3.04
445,Eyl,SO,2021-03-03 01:09:02,7.9803,49.8164,75.34,79,9,12.77
446,Vermillion,US,2021-03-03 01:09:02,42.7794,-96.9292,46.4,61,1,11.5
447,Cleburne,US,2021-03-03 01:04:26,32.3476,-97.3867,57.2,33,1,4.61
448,Zheshart,RU,2021-03-03 01:09:03,62.0731,49.5733,17.73,97,75,7.14
449,Peniche,PT,2021-03-03 01:09:03,39.3558,-9.3811,52.0,90,79,1.01
450,Garowe,SO,2021-03-03 01:09:04,8.4054,48.4845,64.42,92,35,9.08
451,Pisco,PE,2021-03-03 01:09:04,-13.7,-76.2167,78.8,69,90,4.61
452,Muros,ES,2021-03-03 01:09:04,42.7762,-9.0603,43.0,94,65,5.82
453,Bilma,NE,2021-03-03 01:09:04,18.6853,12.9164,68.05,22,0,8.46
454,Beitbridge,ZW,2021-03-03 01:09:05,-22.2167,30.0,67.33,84,0,8.3
455,Sakaiminato,JP,2021-03-03 01:09:05,35.55,133.2333,44.6,45,75,14.97
456,Les Cayes,HT,2021-03-03 01:09:05,18.2,-73.75,73.96,76,17,3.89
457,Nauta,PE,2021-03-03 01:09:06,-4.5061,-73.5757,74.19,94,100,0.87
458,Jurm,AF,2021-03-03 01:09:06,36.8648,70.8342,35.94,75,94,3.58
459,Christchurch,NZ,2021-03-03 01:09:06,-43.5333,172.6333,75.99,46,100,13.8
460,Goderich,CA,2021-03-03 01:05:16,43.7501,-81.7165,28.4,74,3,17.27
461,Bagdarin,RU,2021-03-03 01:09:07,54.4333,113.6,-7.96,85,97,1.07
462,Torrijos,ES,2021-03-03 01:09:07,39.9819,-4.2835,51.8,76,0,2.3
463,Muscat,OM,2021-03-03 01:09:07,23.6139,58.5922,71.6,88,0,3.44
464,Yulara,AU,2021-03-03 01:09:07,-25.2406,130.9889,89.6,23,0,14.97
465,Sembe,CG,2021-03-03 01:09:08,1.6481,14.5806,73.11,83,100,3.27
466,Hualmay,PE,2021-03-03 01:09:08,-11.0964,-77.6139,73.99,73,100,5.95
467,Worthington,US,2021-03-03 01:04:35,40.0931,-83.018,35.6,51,1,4.61
468,Agdam,AZ,2021-03-03 01:09:09,39.991,46.9274,37.81,71,0,3.22
469,Chuguyevka,RU,2021-03-03 01:09:09,44.1653,133.8633,20.43,87,0,4.38
470,Defiance,US,2021-03-03 01:09:09,41.3334,-84.45,33.8,55,1,8.05
471,Santander,ES,2021-03-03 01:07:30,43.4647,-3.8044,53.6,94,75,3.44
472,Chimoio,MZ,2021-03-03 01:09:10,-19.1164,33.4833,68.0,100,75,10.36
473,Zhangye,CN,2021-03-03 01:09:10,38.9342,100.4517,33.91,75,0,1.3
474,Xai-Xai,MZ,2021-03-03 01:09:10,-25.0519,33.6442,75.07,83,77,8.79
475,Moindou,NC,2021-03-03 01:09:10,-21.6924,165.677,87.8,62,0,11.5
476,Yumen,CN,2021-03-03 01:09:11,40.2833,97.2,31.1,74,0,8.32
477,Milkovo,RU,2021-03-03 01:09:11,54.7167,158.6167,9.72,94,100,8.52
478,Nanortalik,GL,2021-03-03 01:09:12,60.1432,-45.2371,26.44,86,0,11.59
479,Sao Filipe,CV,2021-03-03 01:09:12,14.8961,-24.4956,69.84,78,67,9.71
480,Vestmannaeyjar,IS,2021-03-03 01:09:12,63.4427,-20.2734,44.31,82,100,14.27
481,Balykshi,KZ,2021-03-03 01:09:13,47.0667,51.8667,32.0,100,75,13.42
482,Huarmey,PE,2021-03-03 01:09:13,-10.0681,-78.1522,75.25,69,100,6.55
483,Kahului,US,2021-03-03 01:09:13,20.8947,-156.47,80.6,47,40,21.85
484,Priyutnoye,RU,2021-03-03 01:09:14,46.1011,43.5072,35.67,84,100,21.63
485,La Ronge,CA,2021-03-03 01:09:14,55.1001,-105.2842,14.0,79,88,5.75
486,Guerrero Negro,MX,2021-03-03 01:09:14,27.9769,-114.0611,69.6,23,44,9.48
487,Bronnoysund,NO,2021-03-03 01:09:14,65.4625,12.1997,41.0,81,90,13.8
488,Dunedin,NZ,2021-03-03 01:09:15,-45.8742,170.5036,69.01,56,1,13.0
489,Kulhudhuffushi,MV,2021-03-03 01:09:15,6.6221,73.07,82.96,62,0,8.72
490,Orapa,BW,2021-03-03 01:09:15,-21.2833,25.3667,65.03,73,0,6.11
491,Namatanai,PG,2021-03-03 01:09:15,-3.6667,152.4333,82.31,78,100,8.48
492,Thinadhoo,MV,2021-03-03 01:09:16,0.5333,72.9333,81.63,74,58,12.46
493,Buraydah,SA,2021-03-03 01:09:16,26.326,43.975,55.4,62,0,4.61
494,Tamasopo,MX,2021-03-03 01:09:16,21.9333,-99.4833,51.31,83,67,3.67
495,Ponta Grossa,BR,2021-03-03 01:09:17,-25.095,-50.1619,64.26,97,100,8.48
496,Ponta Delgada,PT,2021-03-03 01:04:26,37.7333,-25.6667,59.0,88,20,23.02
497,Bubaque,GW,2021-03-03 01:09:17,11.2833,-15.8333,77.79,66,0,11.63
498,Kieta,PG,2021-03-03 01:09:17,-6.2167,155.6333,83.37,74,95,10.42
499,Esperance,AU,2021-03-03 01:09:17,-33.8667,121.9,66.2,77,90,11.5
500,Lagoa,PT,2021-03-03 01:09:18,39.05,-27.9833,56.55,64,28,34.45
501,Lazaro Cardenas,MX,2021-03-03 01:09:18,17.9583,-102.2,75.27,74,0,4.47
502,Lucapa,AO,2021-03-03 01:09:18,-8.4192,20.7447,66.63,94,100,1.54
503,Sainte-Agathe-Des-Monts,CA,2021-03-03 01:09:18,46.0501,-74.2825,14.0,61,100,2.3
504,Coffs Harbour,AU,2021-03-03 01:09:19,-30.3,153.1333,75.2,73,90,11.5
505,Caraballeda,VE,2021-03-03 01:09:19,10.6112,-66.8522,82.4,74,20,2.3
506,Tikhvin,RU,2021-03-03 01:09:20,59.6451,33.5294,25.48,95,66,7.49
507,Komsomolskiy,UZ,2021-03-03 01:09:20,40.4272,71.7189,44.6,57,100,6.91
508,Bud,US,2021-03-03 01:09:20,39.447,-86.1758,37.0,60,0,5.26
509,Ambanja,MG,2021-03-03 01:09:21,-13.6833,48.45,74.23,85,0,3.58
510,Rehoboth,NA,2021-03-03 01:09:21,-23.3167,17.0833,70.16,53,18,2.1
511,Seljord,NO,2021-03-03 01:09:21,59.4894,8.634,28.99,93,0,4.16
512,Monrovia,LR,2021-03-03 01:09:21,6.3005,-10.7969,79.3,88,0,6.04
513,Prince Rupert,CA,2021-03-03 01:07:25,54.3161,-130.3201,41.0,81,90,11.5
514,Craig,US,2021-03-03 01:09:22,40.5153,-107.5464,37.4,48,1,4.61
515,Samandag,TR,2021-03-03 01:09:23,36.0842,35.9771,48.2,100,75,1.14
516,Ust-Kuyga,RU,2021-03-03 01:09:23,70.0167,135.6,-33.61,80,93,5.12
517,Punta De Bombon,PE,2021-03-03 01:09:23,-17.1717,-71.7931,73.08,80,91,2.98
518,Chulym,RU,2021-03-03 01:09:24,55.0997,80.9572,-1.84,93,94,5.39
519,Kayes,ML,2021-03-03 01:09:24,14.0,-11.0,82.78,14,0,9.86
520,Lujan,AR,2021-03-03 01:09:24,-34.5703,-59.105,77.0,86,0,7.67
521,Tselinnoye,RU,2021-03-03 01:09:24,53.0833,85.6667,6.51,95,93,2.82
522,Dauriya,RU,2021-03-03 01:09:25,49.9333,116.8667,3.92,85,29,1.59
523,Roela,EE,2021-03-03 01:09:25,59.1667,26.5926,29.98,98,5,9.4
524,Campos,BR,2021-03-03 01:09:25,-21.75,-41.3,73.58,95,100,5.91
525,Boralday,KZ,2021-03-03 01:09:26,43.3578,76.8594,37.4,93,90,4.47
526,Envira,BR,2021-03-03 01:09:26,-7.3,-70.2167,71.92,96,99,2.1
527,Missoula,US,2021-03-03 01:09:26,47.0166,-113.8009,44.6,61,90,4.27
528,Krasnoselkup,RU,2021-03-03 01:09:27,65.7,82.4667,-10.28,87,100,18.5
529,Zeya,RU,2021-03-03 01:09:27,53.75,127.2667,-3.96,93,100,4.18
530,Northam,GB,2021-03-03 01:09:27,51.0333,-4.2167,44.01,94,98,10.42
531,Sola,VU,2021-03-03 01:09:27,-13.8833,167.55,78.8,94,90,2.3
532,Paralimni,CY,2021-03-03 01:09:28,35.0375,33.9833,54.0,93,20,2.3
533,Saint-Donat-De-Montcalm,CA,2021-03-03 01:09:28,46.3187,-74.2219,10.4,61,100,2.3
534,Albox,ES,2021-03-03 01:09:28,37.3886,-2.1495,51.01,90,81,1.01
535,Khor,RU,2021-03-03 01:09:29,47.8861,134.9464,6.26,88,77,8.59
536,Iracoubo,GF,2021-03-03 01:09:29,5.4802,-53.2011,76.3,89,100,9.75
537,Hearst,CA,2021-03-03 01:09:29,49.6835,-83.6665,17.6,93,100,3.44
538,Uralets,RU,2021-03-03 01:09:30,57.6614,59.6497,13.64,97,99,8.46
539,Asau,RO,2021-03-03 01:09:30,46.4333,26.4,44.6,57,0,12.66
540,Muroto,JP,2021-03-03 01:09:30,33.2833,134.15,44.6,42,20,20.71
541,Chhabra,IN,2021-03-03 01:09:31,24.6667,76.8333,60.62,18,0,2.26
542,San Francisco,US,2021-03-03 01:07:30,37.7749,-122.4194,57.99,62,75,14.97
543,Namibe,AO,2021-03-03 01:09:31,-15.1961,12.1522,72.48,81,0,5.64
544,Novaya Zaimka,RU,2021-03-03 01:09:31,56.4857,66.9241,3.2,93,100,13.44
545,Saint-Prosper,CA,2021-03-03 01:09:32,46.2117,-70.4811,8.6,56,100,4.61
546,Mikhaylovka,RU,2021-03-03 01:09:32,50.06,43.2379,35.01,93,100,8.99
547,Ruteng,ID,2021-03-03 01:09:33,-8.6136,120.4721,74.05,70,37,0.98
548,San Cristobal,VE,2021-03-03 01:09:33,7.7669,-72.225,77.0,78,40,2.3
549,Paamiut,GL,2021-03-03 01:09:33,61.994,-49.6678,30.97,86,96,7.07
550,Hobyo,SO,2021-03-03 01:09:34,5.3505,48.5268,78.39,79,22,15.64
551,Port Hedland,AU,2021-03-03 01:08:03,-20.3167,118.5667,84.2,79,75,17.27
552,Karratha,AU,2021-03-03 01:09:34,-20.7377,116.8463,81.61,67,57,15.59
553,Dingle,PH,2021-03-03 01:09:34,10.9995,122.6711,81.09,73,9,12.12
554,Nelson Bay,AU,2021-03-03 01:09:35,-32.7167,152.15,73.4,56,75,12.66
555,Tibati,CM,2021-03-03 01:09:35,6.4667,12.6333,65.86,28,42,1.16
556,Brunico,IT,2021-03-03 01:09:35,46.7958,11.9364,37.0,70,0,0.92
557,Severo-Yeniseyskiy,RU,2021-03-03 01:09:36,60.3725,93.0408,-28.91,86,0,2.59
558,Orimattila,FI,2021-03-03 01:09:36,60.8049,25.7296,32.0,91,0,9.1
559,Sakakah,SA,2021-03-03 01:09:09,29.9697,40.2064,53.6,40,0,9.22
560,Clarksburg,US,2021-03-03 01:09:36,39.2807,-80.3445,34.0,51,1,1.07
561,Lasa,IT,2021-03-03 01:09:37,46.6166,10.7002,39.99,74,0,4.61
562,Dukat,RU,2021-03-03 01:09:37,62.55,155.55,-12.3,88,84,3.94
563,Villefontaine,FR,2021-03-03 01:09:37,45.6125,5.1456,50.0,46,0,10.36
564,Puerto Del Rosario,ES,2021-03-03 01:09:37,28.5004,-13.8627,62.6,77,20,11.5
565,Gewane,ET,2021-03-03 01:09:38,10.1664,40.6453,72.61,61,0,4.79
566,Yurimaguas,PE,2021-03-03 01:09:38,-5.9,-76.0833,73.15,89,69,0.72
567,Maltahohe,NA,2021-03-03 01:09:38,-24.8333,16.9833,75.61,37,99,7.05
568,Sarrebourg,FR,2021-03-03 01:09:38,48.7333,7.05,44.01,87,0,1.99
569,Port Moresby,PG,2021-03-03 01:09:38,-9.4431,147.1797,77.0,94,75,11.5
570,Bontang,ID,2021-03-03 01:09:39,0.1333,117.5,81.19,78,99,6.31
571,Mehamn,NO,2021-03-03 01:09:39,71.0357,27.8492,25.25,95,100,2.93
572,Nikolsk,RU,2021-03-03 01:09:39,53.7189,46.0712,21.33,98,90,7.74
573,Mantua,IT,2021-03-03 01:08:24,45.1667,10.7833,41.0,75,0,3.44
574,Progreso,MX,2021-03-03 01:09:40,21.2833,-89.6667,81.0,74,20,4.61
575,Arman,RU,2021-03-03 01:09:40,59.7,150.1667,-0.38,88,100,2.89
576,Broome,US,2021-03-03 01:09:40,42.2506,-75.833,21.2,45,1,4.61
577,Acarau,BR,2021-03-03 01:09:41,-2.8856,-40.12,78.58,85,17,12.24
578,Caravelas,BR,2021-03-03 01:09:41,-17.7125,-39.2481,75.38,88,8,4.47
579,Devils Lake,US,2021-03-03 01:09:41,48.1128,-98.8651,36.0,98,98,6.29
580,Pangoa,PE,2021-03-03 01:09:42,-12.1167,-73.0,69.06,97,0,2.57
581,Tomatlan,MX,2021-03-03 01:09:42,19.9333,-105.25,72.9,79,0,3.15
582,Singaparna,ID,2021-03-03 01:09:42,-7.3515,108.111,78.73,74,79,1.05
583,Shimoda,JP,2021-03-03 01:06:24,34.6667,138.95,46.4,49,75,20.71
